context,
The credit card with the id of 1 is a SuperiorCard with the number of 33332664695310 and the expiration date of 11/2006 and it was last modified on 2013-07-29
The credit card with the number of 33332664695310 is a SuperiorCard with the id of 1 and the expiration date of 11/2006 and it was last modified on 2013-07-29
The credit card with the expiration date of 11/2006 is a SuperiorCard with the id of 1
The credit card with the number of 33332664695310 and the id of 1 is a SuperiorCard
The credit card with the id of 2 is a Distinguish with the number of 55552127249722 and the expiration date of 8/2005 and it was last modified on 2013-12-05
The credit card with the number of 55552127249722 is a Distinguish with the id of 2 and the expiration date of 8/2005 and it was last modified on 2013-12-05
The credit card with the expiration date of 8/2005 is a Distinguish with the id of 2
The credit card with the number of 55552127249722 and the id of 2 is a Distinguish
The credit card with the id of 3 is a ColonialVoice with the number of 77778344838353 and the expiration date of 7/2005 and it was last modified on 2014-01-14
The credit card with the number of 77778344838353 is a ColonialVoice with the id of 3 and the expiration date of 7/2005 and it was last modified on 2014-01-14
The credit card with the expiration date of 7/2005 is a ColonialVoice with the id of 3
The credit card with the number of 77778344838353 and the id of 3 is a ColonialVoice
The credit card with the id of 4 is a ColonialVoice with the number of 77774915718248 and the expiration date of 7/2006 and it was last modified on 2013-05-20
The credit card with the number of 77774915718248 is a ColonialVoice with the id of 4 and the expiration date of 7/2006 and it was last modified on 2013-05-20
The credit card with the expiration date of 7/2006 is a ColonialVoice with the id of 4
The credit card with the number of 77774915718248 and the id of 4 is a ColonialVoice
The credit card with the id of 5 is a Vista with the number of 11114404600042 and the expiration date of 4/2005 and it was last modified on 2013-02-01
The credit card with the number of 11114404600042 is a Vista with the id of 5 and the expiration date of 4/2005 and it was last modified on 2013-02-01
The credit card with the expiration date of 4/2005 is a Vista with the id of 5
The credit card with the number of 11114404600042 and the id of 5 is a Vista
The credit card with the id of 6 is a Distinguish with the number of 55557132036181 and the expiration date of 9/2006 and it was last modified on 2014-04-10
The credit card with the number of 55557132036181 is a Distinguish with the id of 6 and the expiration date of 9/2006 and it was last modified on 2014-04-10
The credit card with the expiration date of 9/2006 is a Distinguish with the id of 6
The credit card with the number of 55557132036181 and the id of 6 is a Distinguish
The credit card with the id of 7 is a Distinguish with the number of 55553635401028 and the expiration date of 6/2007 and it was last modified on 2013-02-01
The credit card with the number of 55553635401028 is a Distinguish with the id of 7 and the expiration date of 6/2007 and it was last modified on 2013-02-01
The credit card with the expiration date of 6/2007 is a Distinguish with the id of 7
The credit card with the number of 55553635401028 and the id of 7 is a Distinguish
The credit card with the id of 8 is a SuperiorCard with the number of 33336081193101 and the expiration date of 7/2007 and it was last modified on 2013-06-30
The credit card with the number of 33336081193101 is a SuperiorCard with the id of 8 and the expiration date of 7/2007 and it was last modified on 2013-06-30
The credit card with the expiration date of 7/2007 is a SuperiorCard with the id of 8
The credit card with the number of 33336081193101 and the id of 8 is a SuperiorCard
The credit card with the id of 9 is a Distinguish with the number of 55553465625901 and the expiration date of 2/2005 and it was last modified on 2013-09-23
The credit card with the number of 55553465625901 is a Distinguish with the id of 9 and the expiration date of 2/2005 and it was last modified on 2013-09-23
The credit card with the expiration date of 2/2005 is a Distinguish with the id of 9
The credit card with the number of 55553465625901 and the id of 9 is a Distinguish
The credit card with the id of 10 is a SuperiorCard with the number of 33332126386493 and the expiration date of 8/2008 and it was last modified on 2011-08-31
The credit card with the number of 33332126386493 is a SuperiorCard with the id of 10 and the expiration date of 8/2008 and it was last modified on 2011-08-31
The credit card with the expiration date of 8/2008 is a SuperiorCard with the id of 10
The credit card with the number of 33332126386493 and the id of 10 is a SuperiorCard
The credit card with the id of 11 is a SuperiorCard with the number of 33335352517363 and the expiration date of 10/2008 and it was last modified on 2014-05-04
The credit card with the number of 33335352517363 is a SuperiorCard with the id of 11 and the expiration date of 10/2008 and it was last modified on 2014-05-04
The credit card with the expiration date of 10/2008 is a SuperiorCard with the id of 11
The credit card with the number of 33335352517363 and the id of 11 is a SuperiorCard
The credit card with the id of 12 is a SuperiorCard with the number of 33334316194519 and the expiration date of 4/2008 and it was last modified on 2012-05-30
The credit card with the number of 33334316194519 is a SuperiorCard with the id of 12 and the expiration date of 4/2008 and it was last modified on 2012-05-30
The credit card with the expiration date of 4/2008 is a SuperiorCard with the id of 12
The credit card with the number of 33334316194519 and the id of 12 is a SuperiorCard
The credit card with the id of 13 is a Vista with the number of 11119775847802 and the expiration date of 11/2005 and it was last modified on 2014-03-01
The credit card with the number of 11119775847802 is a Vista with the id of 13 and the expiration date of 11/2005 and it was last modified on 2014-03-01
The credit card with the expiration date of 11/2005 is a Vista with the id of 13
The credit card with the number of 11119775847802 and the id of 13 is a Vista
The credit card with the id of 14 is a Distinguish with the number of 55553287727410 and the expiration date of 10/2006 and it was last modified on 2013-11-19
The credit card with the number of 55553287727410 is a Distinguish with the id of 14 and the expiration date of 10/2006 and it was last modified on 2013-11-19
The credit card with the expiration date of 10/2006 is a Distinguish with the id of 14
The credit card with the number of 55553287727410 and the id of 14 is a Distinguish
The credit card with the id of 15 is a SuperiorCard with the number of 33336866065599 and the expiration date of 11/2008 and it was last modified on 2013-01-29
The credit card with the number of 33336866065599 is a SuperiorCard with the id of 15 and the expiration date of 11/2008 and it was last modified on 2013-01-29
The credit card with the expiration date of 11/2008 is a SuperiorCard with the id of 15
The credit card with the number of 33336866065599 and the id of 15 is a SuperiorCard
The credit card with the id of 16 is a Vista with the number of 11111985451507 and the expiration date of 8/2006 and it was last modified on 2013-12-30
The credit card with the number of 11111985451507 is a Vista with the id of 16 and the expiration date of 8/2006 and it was last modified on 2013-12-30
The credit card with the expiration date of 8/2006 is a Vista with the id of 16
The credit card with the number of 11111985451507 and the id of 16 is a Vista
The credit card with the id of 17 is a ColonialVoice with the number of 77771220960729 and the expiration date of 8/2008 and it was last modified on 2014-01-16
The credit card with the number of 77771220960729 is a ColonialVoice with the id of 17 and the expiration date of 8/2008 and it was last modified on 2014-01-16
The credit card with the expiration date of 8/2008 is a ColonialVoice with the id of 17
The credit card with the number of 77771220960729 and the id of 17 is a ColonialVoice
The credit card with the id of 18 is a ColonialVoice with the number of 77773971683137 and the expiration date of 8/2007 and it was last modified on 2011-12-29
The credit card with the number of 77773971683137 is a ColonialVoice with the id of 18 and the expiration date of 8/2007 and it was last modified on 2011-12-29
The credit card with the expiration date of 8/2007 is a ColonialVoice with the id of 18
The credit card with the number of 77773971683137 and the id of 18 is a ColonialVoice
The credit card with the id of 19 is a ColonialVoice with the number of 77779803886862 and the expiration date of 9/2007 and it was last modified on 2014-02-04
The credit card with the number of 77779803886862 is a ColonialVoice with the id of 19 and the expiration date of 9/2007 and it was last modified on 2014-02-04
The credit card with the expiration date of 9/2007 is a ColonialVoice with the id of 19
The credit card with the number of 77779803886862 and the id of 19 is a ColonialVoice
The credit card with the id of 20 is a SuperiorCard with the number of 33332150058339 and the expiration date of 3/2007 and it was last modified on 2013-12-17
The credit card with the number of 33332150058339 is a SuperiorCard with the id of 20 and the expiration date of 3/2007 and it was last modified on 2013-12-17
The credit card with the expiration date of 3/2007 is a SuperiorCard with the id of 20
The credit card with the number of 33332150058339 and the id of 20 is a SuperiorCard
The credit card with the id of 21 is a SuperiorCard with the number of 33336474467548 and the expiration date of 3/2006 and it was last modified on 2013-09-11
The credit card with the number of 33336474467548 is a SuperiorCard with the id of 21 and the expiration date of 3/2006 and it was last modified on 2013-09-11
The credit card with the expiration date of 3/2006 is a SuperiorCard with the id of 21
The credit card with the number of 33336474467548 and the id of 21 is a SuperiorCard
The credit card with the id of 22 is a ColonialVoice with the number of 77772030376004 and the expiration date of 3/2005 and it was last modified on 2013-12-24
The credit card with the number of 77772030376004 is a ColonialVoice with the id of 22 and the expiration date of 3/2005 and it was last modified on 2013-12-24
The credit card with the expiration date of 3/2005 is a ColonialVoice with the id of 22
The credit card with the number of 77772030376004 and the id of 22 is a ColonialVoice
The credit card with the id of 23 is a Vista with the number of 11117174633569 and the expiration date of 7/2006 and it was last modified on 2012-04-15
The credit card with the number of 11117174633569 is a Vista with the id of 23 and the expiration date of 7/2006 and it was last modified on 2012-04-15
The credit card with the expiration date of 7/2006 is a Vista with the id of 23
The credit card with the number of 11117174633569 and the id of 23 is a Vista
The credit card with the id of 24 is a Vista with the number of 11111658051128 and the expiration date of 11/2005 and it was last modified on 2013-08-21
The credit card with the number of 11111658051128 is a Vista with the id of 24 and the expiration date of 11/2005 and it was last modified on 2013-08-21
The credit card with the expiration date of 11/2005 is a Vista with the id of 24
The credit card with the number of 11111658051128 and the id of 24 is a Vista
The credit card with the id of 25 is a Vista with the number of 11119905436490 and the expiration date of 1/2007 and it was last modified on 2013-01-19
The credit card with the number of 11119905436490 is a Vista with the id of 25 and the expiration date of 1/2007 and it was last modified on 2013-01-19
The credit card with the expiration date of 1/2007 is a Vista with the id of 25
The credit card with the number of 11119905436490 and the id of 25 is a Vista
The credit card with the id of 26 is a Distinguish with the number of 55554195847998 and the expiration date of 11/2008 and it was last modified on 2013-08-27
The credit card with the number of 55554195847998 is a Distinguish with the id of 26 and the expiration date of 11/2008 and it was last modified on 2013-08-27
The credit card with the expiration date of 11/2008 is a Distinguish with the id of 26
The credit card with the number of 55554195847998 and the id of 26 is a Distinguish
The credit card with the id of 27 is a SuperiorCard with the number of 33333837392825 and the expiration date of 12/2008 and it was last modified on 2013-11-11
The credit card with the number of 33333837392825 is a SuperiorCard with the id of 27 and the expiration date of 12/2008 and it was last modified on 2013-11-11
The credit card with the expiration date of 12/2008 is a SuperiorCard with the id of 27
The credit card with the number of 33333837392825 and the id of 27 is a SuperiorCard
The credit card with the id of 28 is a SuperiorCard with the number of 33337040086193 and the expiration date of 12/2006 and it was last modified on 2013-07-31
The credit card with the number of 33337040086193 is a SuperiorCard with the id of 28 and the expiration date of 12/2006 and it was last modified on 2013-07-31
The credit card with the expiration date of 12/2006 is a SuperiorCard with the id of 28
The credit card with the number of 33337040086193 and the id of 28 is a SuperiorCard
The credit card with the id of 29 is a SuperiorCard with the number of 33333594431481 and the expiration date of 2/2007 and it was last modified on 2014-04-25
The credit card with the number of 33333594431481 is a SuperiorCard with the id of 29 and the expiration date of 2/2007 and it was last modified on 2014-04-25
The credit card with the expiration date of 2/2007 is a SuperiorCard with the id of 29
The credit card with the number of 33333594431481 and the id of 29 is a SuperiorCard
The credit card with the id of 30 is a Vista with the number of 11111281844021 and the expiration date of 6/2006 and it was last modified on 2014-01-13
The credit card with the number of 11111281844021 is a Vista with the id of 30 and the expiration date of 6/2006 and it was last modified on 2014-01-13
The credit card with the expiration date of 6/2006 is a Vista with the id of 30
The credit card with the number of 11111281844021 and the id of 30 is a Vista
The credit card with the id of 31 is a Vista with the number of 11112040199986 and the expiration date of 10/2008 and it was last modified on 2009-01-15
The credit card with the number of 11112040199986 is a Vista with the id of 31 and the expiration date of 10/2008 and it was last modified on 2009-01-15
The credit card with the expiration date of 10/2008 is a Vista with the id of 31